Dataset Name,Algorithm Name,Cross Validation,Hyper-Parameters Values,Accuracy,TPR,FPR,Precision,AUC,PR-Curve,Training Time,Inference Time
abalon,HGARF,0,"69,8,8, 3, 4,0.6282408114268346,0.3241956895589699",0.593301435,0.593301435,0.195092781,0.634878314,0.775835025,0.49324885,18.75594711,0.016956568
abalon,AdaBoost,0,"409,0.7162254127869453",0.633971292,0.633971292,0.171272639,0.696193542,0.740107757,0.52528464,1.121716261,0.077934027
abalon,HGARF,1,"66,8,8, 3, 4,0.5055924523698347,0.008363510233544424",0.618421053,0.618421053,0.190162998,0.620648586,0.789781387,0.517620729,15.90949845,0.017025232
abalon,AdaBoost,1,"348,0.6674643999049026",0.625598086,0.625598086,0.187017281,0.624590931,0.759040188,0.522648504,0.887994051,0.07093358
abalon,HGARF,2,"86,8,8, 3, 4,0.5928081756190222,0.23053160759112248",0.598802395,0.598802395,0.198585764,0.606324794,0.77681511,0.496718697,18.09016848,0.016860247
abalon,AdaBoost,2,"165,1.3414957826736527",0.628742515,0.628742515,0.182671901,0.641734096,0.74427701,0.523034777,0.398906469,0.032604218
abalon,HGARF,3,"51,8,8, 3, 4,0.8070161202103495,0.42219937160094834",0.621556886,0.621556886,0.189446069,0.61962504,0.793525337,0.524816098,20.18291783,0.017091036
abalon,AdaBoost,3,"116,0.500115699144465",0.635928144,0.635928144,0.182784939,0.63433446,0.762049399,0.539778743,0.281392813,0.022944212
abalon,HGARF,4,"59,8,8, 3, 4,0.758796561378261,0.40817997051097077",0.585628743,0.585628743,0.206184203,0.587440905,0.773308098,0.491346228,19.93910098,0.017015457
abalon,AdaBoost,4,"265,0.5004402985670391",0.617964072,0.617964072,0.191438062,0.613698154,0.790037516,0.522679871,0.638752937,0.051446915
acute-inflammation,HGARF,0,"95,6,8, 3, 4,0.9718520785304487,0.4591986829023341",1,1,0,1,1,1,1.53775239,0.001177311
acute-inflammation,AdaBoost,0,"425,0.7662264887457243",1,1,0,1,1,1,0.350543737,0.039237976
acute-inflammation,HGARF,1,"71,6,8, 3, 4,0.13672500702642798,0.8074933696798826",1,1,0,1,1,1,1.404029369,0.001134157
acute-inflammation,AdaBoost,1,"214,1.4449494970397927",0.833333333,0.833333333,0.125,0.888888889,1,0.791666667,0.185377598,0.020644188
acute-inflammation,HGARF,2,"86,6,8, 3, 4,0.889127738952484,0.44427101033994776",1,1,0,1,1,1,1.52925539,0.00118947
acute-inflammation,AdaBoost,2,"339,1.4403286827250117",1,1,0,1,1,1,0.278805494,0.030767918
acute-inflammation,HGARF,3,"97,6,8, 3, 4,0.1652202027864258,0.608024677502388",1,1,0,1,1,1,1.321079969,0.001133442
acute-inflammation,AdaBoost,3,"206,0.777848684395437",1,1,0,1,1,1,0.178409576,0.019770145
acute-inflammation,HGARF,4,"55,6,8, 3, 4,0.9999434254641533,0.1080669108279344",1,1,0,1,1,1,1.470757961,0.001108646
acute-inflammation,AdaBoost,4,"335,0.9830657637524586",1,1,0,1,1,1,0.290542603,0.031812668
acute-nephritis,HGARF,0,"79,7,8, 3, 4,0.3071335969453318,0.5979300215445819",0.708333333,0.708333333,0.166666667,0.9125,0.65,0.629166667,1.407219172,0.001110792
acute-nephritis,AdaBoost,0,"159,1.2501184147659852",0.708333333,0.708333333,0.166666667,0.9125,0.825,0.629166667,0.13057518,0.014685392
acute-nephritis,HGARF,1,"56,7,8, 3, 4,0.7157617473392118,0.4661300308089833",1,1,0,1,1,1,1.418141127,0.001109362
acute-nephritis,AdaBoost,1,"345,1.4623703773311623",1,1,0,1,1,1,0.285341024,0.031445265
acute-nephritis,HGARF,2,"71,7,8, 3, 4,0.841275500176843,0.8585645495432955",1,1,0,1,1,1,1.459720135,0.0011127
acute-nephritis,AdaBoost,2,"160,1.0666188207220246",1,1,0,1,1,1,0.132016659,0.014587164
acute-nephritis,HGARF,3,"71,7,8, 3, 4,0.8271814557077879,0.8999005682329578",1,1,0,1,1,1,1.540594339,0.001172304
acute-nephritis,AdaBoost,3,"245,1.347136449510074",1,1,0,1,1,1,0.202404022,0.022563457
acute-nephritis,HGARF,4,"89,7,8, 3, 4,0.6995527953133882,0.8646369162682945",0.583333333,0.583333333,0.25,0.880952381,1,0.601190476,1.452476263,0.001136065
acute-nephritis,AdaBoost,4,"380,0.6069060423420802",0.583333333,0.583333333,0.25,0.880952381,0.642857143,0.601190476,0.00095582,0.000304461
analcatdata_asbestos,HGARF,0,"75,6,8, 3, 4,0.5301653738531354,0.31340293549206943",0.882352941,0.882352941,0.118055556,0.882352941,0.923611111,0.836697758,1.285204411,0.00107193
analcatdata_asbestos,AdaBoost,0,"426,1.0173746347152317",0.705882353,0.705882353,0.266666667,0.774509804,0.819444444,0.64335512,0.350562572,0.038231611
analcatdata_asbestos,HGARF,1,"56,6,8, 3, 4,0.28786558608689955,0.39622301509673086",0.882352941,0.882352941,0.118055556,0.882352941,0.972222222,0.836697758,1.24042201,0.001039982
analcatdata_asbestos,AdaBoost,1,"351,1.4442354266193158",0.882352941,0.882352941,0.090909091,0.911764706,0.986111111,0.842914439,0.287598372,0.031058311
analcatdata_asbestos,HGARF,2,"96,6,8, 3, 4,0.030766454714498404,0.5517044033293446",0.764705882,0.764705882,0.242857143,0.764705882,0.785714286,0.6927491,1.197705507,0.000992775
analcatdata_asbestos,AdaBoost,2,"325,0.5438299594461121",0.529411765,0.529411765,0.465277778,0.537815126,0.7,0.518528245,0.268011093,0.028972626
analcatdata_asbestos,HGARF,3,"53,6,8, 3, 4,0.13595680969461266,0.4947221544380235",0.5625,0.5625,0.458333333,0.654761905,0.650793651,0.517030423,1.247095823,0.001037598
analcatdata_asbestos,AdaBoost,3,"109,0.7657457520711327",0.6875,0.6875,0.3125,0.69047619,0.793650794,0.629464286,0.090382814,0.010010481
analcatdata_asbestos,HGARF,4,"80,6,8, 3, 4,0.1737696990735856,0.260273299117521",0.75,0.75,0.238095238,0.773809524,0.753968254,0.696428571,1.188218355,0.00102067
analcatdata_asbestos,AdaBoost,4,"212,1.137584461605379",0.75,0.75,0.253968254,0.75,0.674603175,0.682571177,0.174157381,0.018931389
analcatdata_boxing1,HGARF,0,"58,13,8, 3, 4,0.28107925156651553,0.28298029053533463",0.416666667,0.416666667,0.318181818,0.927083333,0.859375,0.535984848,1.281576395,0.001134634
analcatdata_boxing1,AdaBoost,0,"489,0.7494309835962787",0.541666667,0.541666667,0.289473684,0.856770833,0.7890625,0.595942982,0.406113386,0.045334578
analcatdata_boxing1,HGARF,1,"66,13,8, 3, 4,0.8020403515729025,0.5294373784672286",0.666666667,0.666666667,0.388888889,0.703125,0.47265625,0.553819444,1.459284544,0.001133919
analcatdata_boxing1,AdaBoost,1,"316,1.292792021744015",0.416666667,0.416666667,0.614285714,0.395833333,0.359375,0.45952381,0.262378693,0.029086351
analcatdata_boxing1,HGARF,2,"93,13,8, 3, 4,0.8311040376482722,0.6990072770302986",0.541666667,0.541666667,0.472027972,0.533854167,0.5078125,0.514787296,1.494475842,0.001119614
analcatdata_boxing1,AdaBoost,2,"347,1.3622955352927968",0.375,0.375,0.677777778,0.359375,0.296875,0.452777778,0.288038492,0.031980753
analcatdata_boxing1,HGARF,3,"60,13,8, 3, 4,0.8100715935657988,0.1315263735142279",0.625,0.625,0.3125,0.748148148,0.766666667,0.613888889,1.420853138,0.001132488
analcatdata_boxing1,AdaBoost,3,"288,1.4958412385097448",0.75,0.75,0.258741259,0.753703704,0.762962963,0.682731158,0.239582062,0.026683569
analcatdata_boxing1,HGARF,4,"80,13,8, 3, 4,0.23887029319441316,0.2692584204018197",0.708333333,0.708333333,0.305555556,0.761111111,0.874074074,0.606944444,1.259255648,0.001137972
analcatdata_boxing1,AdaBoost,4,"298,1.4323939340188332",0.75,0.75,0.231578947,0.831481481,0.844444444,0.646637427,0.247059345,0.027711391
analcatdata_broadwaymult,HGARF,0,"70,106,8, 3, 4,0.484627607294283,0.25431732163936394",0.49122807,0.49122807,0.085367236,0.650021794,0.578173063,0.225565466,2.01897192,0.001868486
analcatdata_broadwaymult,AdaBoost,0,"271,1.0435375115327954",0.438596491,0.438596491,0.097597357,0.778467909,0.651119703,0.184816718,0.276174068,0.031209946
analcatdata_broadwaymult,HGARF,1,"69,106,8, 3, 4,0.6100501052754846,0.7619759634280903",0.561403509,0.561403509,0.069583341,0.728996404,0.721874472,0.287863681,2.374139547,0.001888275
analcatdata_broadwaymult,AdaBoost,1,"241,1.162763964584013",0.526315789,0.526315789,0.067669173,1,0.680612245,0.206766917,0.244829178,0.027962446
analcatdata_broadwaymult,HGARF,2,"72,106,8, 3, 4,0.6545058652398937,0.4428622099242302",0.543859649,0.543859649,0.078541902,0.643796992,0.737140799,0.279262095,2.313370466,0.001914263
analcatdata_broadwaymult,AdaBoost,2,"405,1.032649611794819",0.49122807,0.49122807,0.0839599,0.896825397,0.632823129,0.187164339,0.412132978,0.046300888
analcatdata_broadwaymult,HGARF,3,"93,106,8, 3, 4,0.6200905049468732,0.734815193003588",0.561403509,0.561403509,0.073082943,0.710860485,0.726367158,0.280783703,2.370836973,0.001895905
analcatdata_broadwaymult,AdaBoost,3,"213,1.0647631010427496",0.456140351,0.456140351,0.094869249,0.812865497,0.631746032,0.192463581,0.218335152,0.024865627
analcatdata_broadwaymult,HGARF,4,"79,106,8, 3, 4,0.683756217462901,0.7539583346408459",0.473684211,0.473684211,0.084510596,0.717522974,0.697576058,0.195042322,2.525628567,0.002020597
analcatdata_broadwaymult,AdaBoost,4,"195,1.1902753531048815",0.333333333,0.333333333,0.124230143,0.444026734,0.640718065,0.166073609,0.198678255,0.022657156
arrhythmia,HGARF,0,"92,262,8, 3, 4,0.11355270516082128,0.1216882084755313",0.648351648,0.648351648,0.034152732,0.784480825,0.754955207,0.268559627,9.758562803,0.003131151
arrhythmia,AdaBoost,0,"363,1.4985853334715327",0.626373626,0.626373626,0.037036688,0.834692009,0.684578609,0.182544515,1.551846504,0.066265345
arrhythmia,HGARF,1,"65,262,8, 3, 4,0.9967400197385973,0.7849301486211834",0.626373626,0.626373626,0.037415924,0.810076998,0.738493624,0.271230096,10.84925723,0.003110886
arrhythmia,AdaBoost,1,"360,0.9595122894987462",0.571428571,0.571428571,0.043000582,0.891948867,0.534188827,0.103741497,1.537036896,0.066706181
arrhythmia,HGARF,2,"63,262,8, 3, 4,0.9209926786518319,0.6604910389940127",0.622222222,0.622222222,0.037294423,0.683381204,0.766462041,0.225388748,11.41219139,0.003103971
arrhythmia,AdaBoost,2,"343,0.8836972355619562",0.577777778,0.577777778,0.050733078,0.799138322,0.631191249,0.203850151,1.466441631,0.063345432
arrhythmia,HGARF,3,"58,262,8, 3, 4,0.9905790572159047,0.7755296503923016",0.677777778,0.677777778,0.03052498,0.789430587,0.797503164,0.341458806,10.92861223,0.003104687
arrhythmia,AdaBoost,3,"230,1.4978850290460333",0.611111111,0.611111111,0.039468734,0.920975057,0.595109256,0.195102232,0.986189604,0.042369366
arrhythmia,HGARF,4,"86,262,8, 3, 4,0.3899469893258133,0.7137912831184577",0.644444444,0.644444444,0.034320311,0.727762661,0.760865011,0.330207225,10.63517499,0.003168344
arrhythmia,AdaBoost,4,"435,1.0745793469881662",0.611111111,0.611111111,0.035914364,0.938888889,0.582192744,0.16489899,1.824892998,0.078758955
audiology-std,HGARF,0,"58,59,8, 3, 4,0.032317687487179114,0.4332214526980863",0.3,0.3,0.044232509,0.325,0.91025641,0.145238095,1.988323927,0.00175333
audiology-std,AdaBoost,0,"468,0.5744211192449806",0.5,0.5,0.038293651,0.825,0.971306471,0.335,0.601006985,0.064123631
audiology-std,HGARF,1,"71,59,8, 3, 4,0.9149434124823842,0.6527457576967365",0.512820513,0.512820513,0.030970825,0.51994302,0.976991758,0.264362027,2.37221384,0.001740694
audiology-std,AdaBoost,1,"471,0.5000289237835864",0.358974359,0.358974359,0.049643339,0.641025641,0.923076923,0.367216117,0.602728605,0.064408064
audiology-std,HGARF,2,"86,59,8, 3, 4,0.27147224517857604,0.308388517889849",0.58974359,0.58974359,0.029329647,0.646723647,0.940883191,0.277700161,1.942986727,0.001726151
audiology-std,AdaBoost,2,"212,0.5045179146191524",0.435897436,0.435897436,0.04888701,0.603988604,0.967948718,0.427619389,0.26999855,0.02927947
audiology-std,HGARF,3,"55,59,8, 3, 4,0.11427465353195657,0.2661428849118029",0.307692308,0.307692308,0.04892953,0.381766382,0.8878367,0.172507123,1.887163877,0.001734734
audiology-std,AdaBoost,3,"241,0.8710082520436703",0.512820513,0.512820513,0.041166673,0.884615385,0.880681818,0.257264957,0.304570198,0.032389641
audiology-std,HGARF,4,"72,59,8, 3, 4,0.7478391866679094,0.753567769508912",0.384615385,0.384615385,0.046306213,0.441025641,0.926590909,0.24988345,2.235773087,0.001757383
audiology-std,AdaBoost,4,"249,0.5290884499274866",0.58974359,0.58974359,0.037786775,0.918803419,0.885841751,0.264568765,0.30968833,0.032680511
autos,HGARF,0,"99,75,8, 3, 4,0.494973221056183,0.8020755691473034",0.268292683,0.268292683,0.143884292,0.573170732,0.713014763,0.238454495,2.4755826,0.001782894
autos,AdaBoost,0,"155,0.8000776724422944",0.317073171,0.317073171,0.181555239,0.394763773,0.73998446,0.307446505,0.207413912,0.019221306
autos,HGARF,1,"76,75,8, 3, 4,0.8422714976343889,0.9194864086774804",0.073170732,0.073170732,0.207537043,0.077459126,0.855740842,0.205223189,2.580072403,0.001787901
autos,AdaBoost,1,"287,0.6798406407991929",0.463414634,0.463414634,0.139898132,0.568667917,0.812547619,0.427247143,0.38575387,0.03515625
autos,HGARF,2,"57,75,8, 3, 4,0.8024325828606415,0.7656858721584504",0.609756098,0.609756098,0.079562543,0.736275919,0.854086747,0.563083178,2.580146551,0.001749992
autos,AdaBoost,2,"266,0.5137688127522072",0.512195122,0.512195122,0.086066127,0.853373456,0.813982684,0.484093719,0.360522985,0.033105612
autos,HGARF,3,"56,75,8, 3, 4,0.33085608502300307,0.27230427884951347",0.951219512,0.951219512,0.010185185,0.955284553,0.986673882,0.923648906,2.233652353,0.001778126
autos,AdaBoost,3,"409,0.6406609720313399",0.634146341,0.634146341,0.076829301,0.746848274,0.948780664,0.586239235,0.554770947,0.051098585
autos,HGARF,4,"63,75,8, 3, 4,0.6597498236463888,0.99938124320598",0.414634146,0.414634146,0.130797402,0.448020272,0.762721861,0.301027893,2.617751837,0.001796007
autos,AdaBoost,4,"295,0.6242441170861497",0.585365854,0.585365854,0.078162766,0.798965262,0.922453102,0.352920286,0.399958134,0.03715229
balance-scale,HGARF,0,"87,4,8, 3, 4,0.6413147499051512,0.9087804993898827",0.512,0.512,0.17670765,0.725263158,0.678682698,0.437959444,4.291295767,0.003590584
balance-scale,AdaBoost,0,"482,1.495799065672124",0.888,0.888,0.049053586,0.932631579,0.827253479,0.63141112,0.598176718,0.06183362
balance-scale,HGARF,1,"88,4,8, 3, 4,0.3424431078026454,0.5837836906774678",0.672,0.672,0.178684274,0.648629159,0.683784533,0.477825849,3.698140621,0.003640175
balance-scale,AdaBoost,1,"411,1.4803169779573155",0.92,0.92,0.04580637,0.927259528,0.788596491,0.801923775,0.510975361,0.053131104
balance-scale,HGARF,2,"88,4,8, 3, 4,0.52264450284097,0.9359304973588672",0.752,0.752,0.124845292,0.750296431,0.725055455,0.543492093,4.258068323,0.003626823
balance-scale,AdaBoost,2,"464,1.4891802193926265",0.792,0.792,0.104423994,0.779465215,0.66509881,0.582940366,0.577432394,0.059670925
balance-scale,HGARF,3,"52,4,8, 3, 4,0.07299670989091112,0.7018389406843268",0.696,0.696,0.159862641,0.639046582,0.685007058,0.521155165,3.669878244,0.003613234
balance-scale,AdaBoost,3,"478,1.4792832117464878",0.72,0.72,0.140089819,0.645333333,0.717231297,0.55765076,0.593721151,0.062319994
balance-scale,HGARF,4,"95,4,8, 3, 4,0.7290966617096772,0.8732903075907069",0.504,0.504,0.202694139,0.732214559,0.753721319,0.414715303,4.278002262,0.003548622
balance-scale,AdaBoost,4,"405,1.4563465151311838",0.768,0.768,0.103177025,0.799172414,0.84642401,0.553501916,0.503782511,0.052790642
bank,HGARF,0,"77,16,8, 3, 4,0.8321678057628499,0.8141301301320512",0.895027624,0.895027624,0.240471732,0.941369245,0.850380952,0.578584491,26.80558109,0.020836592
bank,AdaBoost,0,"123,0.8764908166390235",0.881767956,0.881767956,0.299657827,0.906178637,0.881214286,0.574653681,0.408905268,0.029787064
bank,HGARF,1,"73,16,8, 3, 4,0.653323638271756,0.19822939965676956",0.897123894,0.897123894,0.244218233,0.928656824,0.822007212,0.596655233,23.34779835,0.020648241
bank,AdaBoost,1,"110,0.7522004030560174",0.89159292,0.89159292,0.267061611,0.923178608,0.863088942,0.583946123,0.365120888,0.026558876
bank,HGARF,2,"64,16,8, 3, 4,0.9100064695428173,0.27833705355581556",0.880530973,0.880530973,0.310665849,0.912119426,0.84016226,0.56162386,26.53001356,0.021150827
bank,AdaBoost,2,"138,0.5658944479526036",0.899336283,0.899336283,0.236460339,0.928553012,0.913329327,0.604682228,0.458859444,0.033191681
bank,HGARF,3,"97,16,8, 3, 4,0.8064996976105083,0.7773564283532817",0.897123894,0.897123894,0.24525018,0.926738534,0.837385817,0.598885043,26.76406217,0.021093845
bank,AdaBoost,3,"117,0.5124022423670108",0.902654867,0.902654867,0.214156735,0.940077434,0.888701923,0.604145748,0.388708591,0.028299809
bank,HGARF,4,"79,16,8, 3, 4,0.6338880232793909,0.020218434082709458",0.883849558,0.883849558,0.300545418,0.924257467,0.841370192,0.558239249,22.1159234,0.021226168
bank,AdaBoost,4,"123,1.3628427629078752",0.884955752,0.884955752,0.293838863,0.917762934,0.875030048,0.568692603,0.408477545,0.029837608
baseball,HGARF,0,"55,22,8, 3, 4,0.4929466420560375,0.3792965483210917",0.917910448,0.917910448,0.119883588,0.937483759,0.811323907,0.449375344,8.26727891,0.006661415
baseball,AdaBoost,0,"420,0.7281041057205585",0.921641791,0.921641791,0.119391026,0.93218381,0.849710703,0.477026757,1.074617863,0.068328619
baseball,HGARF,1,"62,22,8, 3, 4,0.18317222272759637,0.8001576303060559",0.947761194,0.947761194,0.048839306,0.956935999,0.819283968,0.578175705,9.227704763,0.006674051
baseball,AdaBoost,1,"165,0.5268931196971602",0.929104478,0.929104478,0.116960559,0.927170298,0.87472741,0.551303544,0.423160553,0.027253389
baseball,HGARF,2,"73,22,8, 3, 4,0.7065768511576197,0.09299231968488364",0.940298507,0.940298507,0.059537547,0.964493909,0.817533804,0.565713517,8.829675198,0.006651402
baseball,AdaBoost,2,"155,0.7203988852534002",0.906716418,0.906716418,0.170722788,0.895345902,0.837613347,0.626226749,0.396758556,0.025518894
baseball,HGARF,3,"59,22,8, 3, 4,0.1737488091193628,0.5049487232028577",0.917910448,0.917910448,0.13151197,0.94517791,0.86639989,0.465430845,8.107411385,0.006634235
baseball,AdaBoost,3,"117,0.9102097551635231",0.917910448,0.917910448,0.143985859,0.914284199,0.881990095,0.566234329,0.300243378,0.019479275
baseball,HGARF,4,"71,22,8, 3, 4,0.4977430556247291,0.4226445625257219",0.929104478,0.929104478,0.116795866,0.939595553,0.810343292,0.542323494,8.516052008,0.00663352
baseball,AdaBoost,4,"115,0.504141079134991",0.906716418,0.906716418,0.165111156,0.898702136,0.875772718,0.537236187,0.2942729,0.018970728
blood,HGARF,0,"75,4,8, 3, 4,0.03164022721015804,0.6820691657249225",0.413333333,0.413333333,0.542888563,0.452865497,0.471247563,0.481424988,4.362243652,0.004234314
blood,AdaBoost,0,"115,0.6633389115130148",0.56,0.56,0.383333333,0.689473684,0.766812865,0.572046784,0.147041798,0.015276194
blood,HGARF,1,"82,4,8, 3, 4,0.5871577503119987,0.9463362998447751",0.72,0.6,0.527272727,0.586744639,0.453703704,0.490324296,5.057596445,0.004243135
blood,AdaBoost,1,"104,0.9534565748697316",0.813333333,0.813333333,0.146428571,0.941812865,0.724537037,0.605864662,0.133070707,0.01359129
blood,HGARF,2,"92,4,8, 3, 4,0.02138126168931921,0.27747497696432827",0.7,0.7,0.580444735,0.847417154,0.365497076,0.492547493,3.10865736,0.004116297
blood,AdaBoost,2,"109,0.5433989952815742",0.753333333,0.753333333,0.620805369,0.984619883,0.818591618,0.499201696,0.139747381,0.014181376
blood,HGARF,3,"62,4,8, 3, 4,0.36710023341649956,0.38932178287005953",0.744966443,0.758389262,0.332649614,0.754106743,0.629824561,0.599324513,4.045768261,0.004140615
blood,AdaBoost,3,"441,0.6835960314423352",0.718120805,0.718120805,0.392105263,0.718120805,0.521052632,0.55369583,0.562837362,0.057130575
blood,HGARF,4,"76,4,8, 3, 4,0.5085185401811196,0.022026797339533277",0.731543624,0.744966443,0.430500659,0.877741333,0.654385965,0.512172175,3.823419571,0.004183531
blood,AdaBoost,4,"170,0.5083177883261711",0.765100671,0.765100671,0.363793103,0.957615515,0.734837093,0.511166716,0.217029095,0.02219367
bodyfat,HGARF,0,"57,14,8, 3, 4,0.6343547793680709,0.6287575481900963",0.980392157,0.980392157,0.018518519,0.981176471,0.998461538,0.971285403,2.429421186,0.001923084
bodyfat,AdaBoost,0,"276,1.194788973216529",0.980392157,0.980392157,0.018518519,0.981176471,0.98,0.971285403,0.001424074,0.000401497
bodyfat,HGARF,1,"85,14,8, 3, 4,0.18131102449044428,0.23336362444144626",1,1,0,1,1,1,1.962626934,0.001919031
bodyfat,AdaBoost,1,"200,0.7963953545159743",1,1,0,1,1,1,0.001428127,0.000398636
bodyfat,HGARF,2,"93,14,8, 3, 4,0.4884652498906994,0.5678726188530534",1,1,0,1,1,1,2.352280855,0.00190258
bodyfat,AdaBoost,2,"180,1.388433537210272",1,1,0,1,1,1,0.001432657,0.000402451
bodyfat,HGARF,3,"63,14,8, 3, 4,0.589449445428882,0.9945530271627647",1,1,0,1,1,1,2.577209234,0.001892567
bodyfat,AdaBoost,3,"376,0.6418004838801579",1,1,0,1,1,1,0.001426458,0.000398874
bodyfat,HGARF,4,"94,14,8, 3, 4,0.6113014432100867,0.6850019780554482",1,1,0,1,1,1,2.467895746,0.001887321
bodyfat,AdaBoost,4,"489,0.8019752057846042",1,1,0,1,1,1,0.001427889,0.000391245
braziltourism,HGARF,0,"99,323,8, 3, 4,0.8806680002512666,0.9442311382706744",0.759036145,0.759036145,0.080363527,0.936935241,0.513394765,0.170995294,5.193492413,0.002949476
braziltourism,AdaBoost,0,"142,0.8714739421596404",0.771084337,0.771084337,0.064175282,0.929279618,0.607398504,0.186274454,0.261162996,0.023958683
braziltourism,HGARF,1,"64,323,8, 3, 4,0.7199227770865247,0.7115664433990424",0.759036145,0.759036145,0.107599571,0.885715941,0.658460203,0.174988021,5.424967289,0.00298214
braziltourism,AdaBoost,1,"431,1.2905368172827156",0.771084337,0.771084337,,1,0.566666667,0.166666667,0.79799962,0.070625305
braziltourism,HGARF,2,"61,323,8, 3, 4,0.71334394289607,0.23938185220870362",0.792682927,0.792682927,0.073465357,0.918445122,0.67906901,0.22688465,4.883790255,0.00292635
braziltourism,AdaBoost,2,"426,1.0520574151660012",0.792682927,0.792682927,0.105781391,0.975800305,0.6609375,0.348464997,0.779165983,0.068890572
braziltourism,HGARF,3,"74,323,8, 3, 4,0.9438843299206345,0.013160954168289107",0.792682927,0.792682927,0.080165174,0.93787784,0.621021571,0.253792356,5.202551842,0.002940178
braziltourism,AdaBoost,3,"125,0.9851268814454113",0.768292683,0.768292683,0.141616259,0.943379791,0.633638584,0.297786315,0.229362965,0.020539999
braziltourism,HGARF,4,"50,323,8, 3, 4,0.23056514975924014,0.8561358629721288",0.743902439,0.743902439,0.096638635,0.818383514,0.628500204,0.222249109,5.19188571,0.002925396
braziltourism,AdaBoost,4,"297,0.9380226066121675",0.707317073,0.707317073,0.216657818,0.830340391,0.487321937,0.2011886,0.54343462,0.048306704
breast-cancer,HGARF,0,"96,9,8, 3, 4,0.48216091835977215,0.8368251196410841",0.603448276,0.603448276,0.5975,0.723000049,0.395982783,0.483903552,2.661823034,0.002114058
breast-cancer,AdaBoost,0,"396,1.221318908129459",0.655172414,0.655172414,0.504201681,0.786276159,0.451219512,0.499120085,0.456509829,0.044720411
breast-cancer,HGARF,1,"50,9,8, 3, 4,0.1582546877242987,0.7049976720496485",0.736842105,0.736842105,0.294117647,0.874767802,0.697794118,0.563931889,2.486022949,0.002110481
breast-cancer,AdaBoost,1,"458,0.7535373440524501",0.771929825,0.771929825,0.122641509,0.946336429,0.673529412,0.609040637,0.527908564,0.051551104
breast-cancer,HGARF,2,"63,9,8, 3, 4,0.5304374604203159,0.4141071836845235",0.736842105,0.719298246,0.344405594,0.7500516,0.7125,0.579619697,2.472447872,0.002131462
breast-cancer,AdaBoost,2,"125,0.580003057408997",0.807017544,0.807017544,0.164540816,0.895949432,0.832352941,0.664648491,0.144313335,0.014462948
breast-cancer,HGARF,3,"61,9,8, 3, 4,0.5343186951174702,0.9259562037607879",0.631578947,0.631578947,0.40974026,0.61880805,0.563235294,0.552856439,2.746332407,0.002116919
breast-cancer,AdaBoost,3,"250,0.5160045452136675",0.526315789,0.526315789,0.462962963,0.546439628,0.514705882,0.520066506,0.288315773,0.028123379
breast-cancer,HGARF,4,"80,9,8, 3, 4,0.6448892837153057,0.2026135910279041",0.614035088,0.614035088,0.421994885,0.601341589,0.575735294,0.545092431,2.447229385,0.002111912
breast-cancer,AdaBoost,4,"143,0.5398500387139381",0.614035088,0.614035088,0.421994885,0.601341589,0.602941176,0.545092431,0.164514542,0.01640439
breast-cancer-wisc,HGARF,0,"67,9,8, 3, 4,0.5821528236116791,0.16971299276015994",0.907142857,0.907142857,0.087090416,0.915929089,0.988564312,0.848135996,6.438416719,0.007438183
breast-cancer-wisc,AdaBoost,0,"112,1.1463015711424656",0.885714286,0.885714286,0.103199174,0.902730331,0.951086957,0.814991463,0.179323196,0.024279594
breast-cancer-wisc,HGARF,1,"88,9,8, 3, 4,0.6293704496865459,0.4402817384268841",0.95,0.95,0.060255563,0.950271739,0.958899457,0.919390324,7.413117886,0.00738287
breast-cancer-wisc,AdaBoost,1,"184,0.5512511231676211",0.942857143,0.942857143,0.070628768,0.945225155,0.983469203,0.91127519,0.293706179,0.037843466
breast-cancer-wisc,HGARF,2,"74,9,8, 3, 4,0.14990427164002454,0.7518233437821119",0.971428571,0.971428571,0.031702899,0.971428571,0.990942029,0.951984268,7.286852837,0.007398129
breast-cancer-wisc,AdaBoost,2,"197,0.5187140913641707",0.985714286,0.985714286,0.02,0.986024845,0.996376812,0.976273292,0.322355032,0.040779114
breast-cancer-wisc,HGARF,3,"53,9,8, 3, 4,0.825443661113544,0.5161983280464143",0.985714286,0.985714286,0.010752688,0.986297376,0.999102938,0.975982006,7.841220379,0.007338285
breast-cancer-wisc,AdaBoost,3,"141,0.5251209827226743",0.978571429,0.978571429,0.021286232,0.978784481,0.997533079,0.964070001,0.224408627,0.029153347
breast-cancer-wisc,HGARF,4,"70,9,8, 3, 4,0.322305148680304,0.5867883200300847",0.985611511,0.985611511,0.010752688,0.986211031,0.999313187,0.975608223,6.875216722,0.007422686
breast-cancer-wisc,AdaBoost,4,"237,0.6204396143994328",0.985611511,0.985611511,0.010752688,0.986211031,0.995650183,0.975608223,0.378550053,0.049124956
breast-cancer-wisc-diag,HGARF,0,"95,30,8, 3, 4,0.6674311178708204,0.027606903517369427",0.947368421,0.947368421,0.056010481,0.947368421,0.976580413,0.917621254,6.980169535,0.006282568
breast-cancer-wisc-diag,AdaBoost,0,"294,0.596537135713804",0.964912281,0.964912281,0.037340321,0.964912281,0.994759253,0.94434163,0.758807898,0.05956769
breast-cancer-wisc-diag,HGARF,1,"79,30,8, 3, 4,0.9831852494383748,0.720768403943127",0.921052632,0.921052632,0.08234127,0.92157843,0.972813626,0.878317145,8.392942667,0.006295919
breast-cancer-wisc-diag,AdaBoost,1,"269,1.327824679329285",0.964912281,0.964912281,0.032743067,0.965889174,0.992793973,0.944015048,0.693990231,0.055036068
breast-cancer-wisc-diag,HGARF,2,"78,30,8, 3, 4,0.7045022494901264,0.6316887464790031",0.973684211,0.973684211,0.025893752,0.973980089,0.990244709,0.957281153,7.951849461,0.006530285
breast-cancer-wisc-diag,AdaBoost,2,"461,1.1105021877564858",1,1,0,1,1,1,1.219271183,0.097392797
breast-cancer-wisc-diag,HGARF,3,"85,30,8, 3, 4,0.2606738624622262,0.6484762819166137",0.98245614,0.98245614,0.013513514,0.983291562,0.984623016,0.971448893,7.275696039,0.006256104
breast-cancer-wisc-diag,AdaBoost,3,"154,1.3813390825672314",0.98245614,0.98245614,0.013513514,0.983291562,0.98478836,0.971448893,0.397042036,0.03153348
breast-cancer-wisc-diag,HGARF,4,"51,30,8, 3, 4,0.7590611191349421,0.7164154113512893",0.96460177,0.96460177,0.041337286,0.964928212,0.9981556,0.94444818,8.187845469,0.00625658
breast-cancer-wisc-diag,AdaBoost,4,"432,1.4165876589738116",0.991150442,0.991150442,0.006944444,0.991361146,0.999664655,0.985575572,1.114623785,0.087170601
breast-cancer-wisc-prog,HGARF,0,"51,33,8, 3, 4,0.34118768707292946,0.9906807156800492",0.775,0.775,0.355263158,0.924910394,0.589605735,0.522281173,4.11619544,0.00306344
breast-cancer-wisc-prog,AdaBoost,0,"370,1.0025525383134575",0.775,0.775,0.355263158,0.924910394,0.795698925,0.522281173,0.66782403,0.071787119
breast-cancer-wisc-prog,HGARF,1,"93,33,8, 3, 4,0.7163094306016108,0.7876176761065885",0.8,0.8,0.105263158,0.96,0.62,0.594736842,4.061801195,0.003050566
breast-cancer-wisc-prog,AdaBoost,1,"339,0.8811264781650217",0.825,0.825,0.231182796,0.8325,0.756666667,0.679435484,0.624103546,0.064971209
breast-cancer-wisc-prog,HGARF,2,"65,33,8, 3, 4,0.21671384880091657,0.003646371435871338",0.725,0.725,0.454954955,0.870833333,0.546666667,0.50731982,2.836023092,0.003039122
breast-cancer-wisc-prog,AdaBoost,2,"234,0.5158478373482858",0.825,0.825,0.218614719,0.8575,0.77,0.662031025,0.441517353,0.046349049
breast-cancer-wisc-prog,HGARF,3,"58,33,8, 3, 4,0.22164699274797506,0.4526944102560817",0.717948718,0.717948718,0.621621622,0.885470085,0.496296296,0.494178794,3.361627102,0.002980709
breast-cancer-wisc-prog,AdaBoost,3,"188,0.5002161659580703",0.717948718,0.717948718,0.439393939,0.767521368,0.67037037,0.519476819,0.346574068,0.03659749
breast-cancer-wisc-prog,HGARF,4,"68,33,8, 3, 4,0.12500724837167998,0.19299963681498233",0.769230769,0.769230769,0.340909091,0.812820513,0.725925926,0.566899767,3.028793573,0.003009558
breast-cancer-wisc-prog,AdaBoost,4,"215,0.9312559260172603",0.692307692,0.692307692,0.384615385,0.674074074,0.751851852,0.570940171,0.385284185,0.040371656
breast-tissue,HGARF,0,"70,9,8, 3, 4,0.38672402509955983,0.22043710577570774",0.681818182,0.681818182,0.058613445,0.787878788,0.884444444,0.514141414,2.311860561,0.002173424
breast-tissue,AdaBoost,0,"407,1.4965413908994836",0.772727273,0.772727273,0.042782201,0.848484848,0.891851852,0.635286195,0.597974062,0.078785896
breast-tissue,HGARF,1,"70,9,8, 3, 4,0.4783606401930983,0.07052984475924662",0.761904762,0.761904762,0.041666667,0.932539683,0.889467593,0.710978836,2.358701468,0.002152443
breast-tissue,AdaBoost,1,"279,0.9985103006363787",0.571428571,0.571428571,0.072619048,0.964285714,0.825,0.497710623,0.40524292,0.051471472
breast-tissue,HGARF,2,"71,9,8, 3, 4,0.663100879669503,0.21131911066928122",0.666666667,0.666666667,0.066993464,0.662698413,0.834953704,0.561342593,2.57512188,0.002180338
breast-tissue,AdaBoost,2,"190,0.6258059090293586",0.571428571,0.571428571,0.080813144,0.71031746,0.891666667,0.51984127,0.277730703,0.035409927
breast-tissue,HGARF,3,"65,9,8, 3, 4,0.864422380543135,0.7087247227512352",0.761904762,0.761904762,0.046078431,0.80952381,0.898148148,0.659126984,2.747718096,0.002141476
breast-tissue,AdaBoost,3,"232,0.8029525316687761",0.666666667,0.666666667,0.064036726,0.773809524,0.921527778,0.554728836,0.338438034,0.043237209
breast-tissue,HGARF,4,"88,9,8, 3, 4,0.5548965073916003,0.5999372974387708",0.571428571,0.571428571,0.080588624,0.69047619,0.878148148,0.478835979,2.594991922,0.002131701
breast-tissue,AdaBoost,4,"399,0.7891259090026543",0.666666667,0.666666667,0.05821662,0.93015873,0.896666667,0.551388889,0.584991693,0.073927164
car,HGARF,0,"73,6,8, 3, 4,0.2374732233825234,0.5016873427184264",0.739884393,0.739884393,0.097561879,0.865625704,0.84307347,0.34997512,13.80689216,0.016804218
car,AdaBoost,0,"106,1.2655404656921592",0.765895954,0.765895954,0.12925814,0.779714505,0.897162902,0.622887279,0.209203959,0.029586792
car,HGARF,1,"88,6,8, 3, 4,0.23893718468745942,0.20870732574229223",0.841040462,0.841040462,0.071743321,0.867101894,0.935450814,0.542159658,10.84999442,0.017517805
car,AdaBoost,1,"220,0.900042486491926",0.832369942,0.832369942,0.090423447,0.839689213,0.965160037,0.651951013,0.424566507,0.059296131
car,HGARF,2,"92,6,8, 3, 4,0.9104826634741056,0.37754954416934505",0.768786127,0.768786127,0.11413882,0.801569293,0.743954221,0.426205951,17.32947898,0.016574144
car,AdaBoost,2,"243,1.0226549753805019",0.861271676,0.861271676,0.05364358,0.904042489,0.885665348,0.599407877,0.4616611,0.064871788
car,HGARF,3,"90,6,8, 3, 4,0.8898882929599389,0.12527237648038625",0.884057971,0.884057971,0.04819955,0.900423161,0.958339671,0.661680367,16.78880262,0.017462254
car,AdaBoost,3,"283,0.967806195526339",0.704347826,0.704347826,0.135448272,0.743368621,0.859514452,0.44840297,0.540545225,0.074997902
car,HGARF,4,"84,6,8, 3, 4,0.6173057433176837,0.44560403415008326",0.846376812,0.846376812,0.050609992,0.933949228,0.953039733,0.559101198,15.73427558,0.016485691
car,AdaBoost,4,"288,1.1026800637904344",0.84057971,0.84057971,0.053983798,0.920397652,0.891152209,0.484707957,0.544433117,0.076729298
cardiotocography-3clases,HGARF,0,"52,21,8, 3, 4,0.037984608194453956,0.32042667859712526",0.887323944,0.887323944,0.100353505,0.887305967,0.941681697,0.734286357,15.16764402,0.020489693
cardiotocography-3clases,AdaBoost,0,"393,1.2001706055709678",0.802816901,0.802816901,0.175026918,0.784196953,0.872240571,0.680495875,1.098069429,0.107739449
cardiotocography-3clases,HGARF,1,"73,21,8, 3, 4,0.9389479052000955,0.5901530235519385",0.887058824,0.887058824,0.081853307,0.907019847,0.907843768,0.624825569,24.09443402,0.020224333
cardiotocography-3clases,AdaBoost,1,"371,0.8862092775115143",0.783529412,0.783529412,0.180119513,0.812534911,0.879053374,0.635217493,1.068248272,0.103797197
cardiotocography-3clases,HGARF,2,"87,21,8, 3, 4,0.6473317483295692,0.8016274414299965",0.910588235,0.910588235,0.032146958,0.945003846,0.952268421,0.717455884,23.33751106,0.020104408
cardiotocography-3clases,AdaBoost,2,"125,1.3542399815855202",0.877647059,0.877647059,0.087437689,0.920921121,0.88876884,0.60802409,0.351858139,0.034514904
cardiotocography-3clases,HGARF,3,"64,21,8, 3, 4,0.9754392638648367,0.7429348027905635",0.870588235,0.870588235,0.117187525,0.875346866,0.93302878,0.668202859,23.96242642,0.020023823
cardiotocography-3clases,AdaBoost,3,"152,1.497922927880757",0.858823529,0.858823529,0.128925302,0.851829206,0.900043159,0.664787106,0.422853947,0.041252851
cardiotocography-3clases,HGARF,4,"79,21,8, 3, 4,0.3972924209870832,0.3011738075557564",0.682352941,0.682352941,0.23982684,0.696052869,0.854681438,0.507015921,17.78834558,0.020330667
cardiotocography-3clases,AdaBoost,4,"108,0.5320378481947938",0.734117647,0.734117647,0.217332074,0.72171112,0.876069533,0.586081615,0.300873041,0.029444456
cardiotocography-10clases,HGARF,0,"57,21,8, 3, 4,0.9617364424876512,0.6537479718515766",0.767605634,0.767605634,0.02656557,0.784733905,0.916392345,0.563044569,24.78437638,0.020783901
cardiotocography-10clases,AdaBoost,0,"163,1.1234819340905382",0.680751174,0.680751174,0.035188542,0.852570193,0.777584357,0.359338547,0.539435625,0.065256357
cardiotocography-10clases,HGARF,1,"84,21,8, 3, 4,0.8896713136432146,0.4304667089260913",0.821176471,0.821176471,0.021026513,0.838129844,0.95723046,0.669017125,24.71433473,0.020932436
cardiotocography-10clases,AdaBoost,1,"447,1.1071106142152294",0.574117647,0.574117647,0.04616737,0.857899774,0.76212862,0.263023787,1.48319006,0.178167105
cardiotocography-10clases,HGARF,2,"81,21,8, 3, 4,0.0720272864772119,0.62433636376456",0.781176471,0.781176471,0.025588454,0.807216736,0.947101709,0.596506739,20.65884233,0.020695925
cardiotocography-10clases,AdaBoost,2,"395,0.5943643893973354",0.625882353,0.625882353,0.044145353,0.685195883,0.934892535,0.413045405,1.32320261,0.156403303
cardiotocography-10clases,HGARF,3,"61,21,8, 3, 4,0.5169952458900856,0.09652237221226218",0.745882353,0.745882353,0.02978996,0.761155182,0.930806559,0.529375002,19.12449574,0.020790577
cardiotocography-10clases,AdaBoost,3,"437,0.601113686229428",0.677647059,0.677647059,0.037698829,0.728952912,0.940264592,0.432443313,1.462297678,0.173293352
cardiotocography-10clases,HGARF,4,"51,21,8, 3, 4,0.5927983817309427,0.2613649122103447",0.696470588,0.696470588,0.033721207,0.812624819,0.92590568,0.49083747,21.19638848,0.02095437
cardiotocography-10clases,AdaBoost,4,"497,0.5515995225911171",0.682352941,0.682352941,0.03587058,0.767260592,0.924926208,0.441440841,1.667045832,0.197234869
chatfield_4,HGARF,0,"56,12,8, 3, 4,0.22168460889958963,0.4118025878721423",0.829787234,0.829787234,0.176739927,0.830667093,0.915413534,0.769232564,3.172648907,0.003278494
chatfield_4,AdaBoost,0,"355,1.463692506012933",0.893617021,0.893617021,0.107279693,0.895456727,0.968045113,0.843716653,0.55993247,0.066032171
chatfield_4,HGARF,1,"87,12,8, 3, 4,0.40083404059714556,0.736267711913207",0.872340426,0.872340426,0.132518797,0.872340426,0.89943609,0.816997363,3.689136505,0.00323081
chatfield_4,AdaBoost,1,"154,1.41813283835522",0.872340426,0.872340426,0.111458333,0.891697328,0.936090226,0.814497472,0.243257761,0.029160023
chatfield_4,HGARF,2,"54,12,8, 3, 4,0.3386324025386175,0.8608372223473351",0.808510638,0.808510638,0.196363636,0.812110062,0.863721805,0.747679062,3.907543898,0.003261089
chatfield_4,AdaBoost,2,"283,0.7881540169970667",0.829787234,0.829787234,0.176739927,0.830667093,0.917293233,0.769232564,0.446588993,0.052979708
chatfield_4,HGARF,3,"69,12,8, 3, 4,0.40255552011691387,0.015339449700423002",0.893617021,0.893617021,0.095833333,0.905600391,0.957854406,0.838568245,3.008198261,0.003290653
chatfield_4,AdaBoost,3,"288,1.4494753208874684",0.808510638,0.808510638,0.19375,0.823184153,0.946360153,0.726635485,0.455201864,0.053987026
chatfield_4,HGARF,4,"57,12,8, 3, 4,0.7620244822882036,0.17300022312088958",0.872340426,0.872340426,0.125,0.898752751,0.954980843,0.835381511,3.690416336,0.003275633
chatfield_4,AdaBoost,4,"111,1.066248292897721",0.85106383,0.85106383,0.157509158,0.854976767,0.938697318,0.795055288,0.175802708,0.021066666
chess-krvkp,HGARF,0,"91,36,8, 3, 4,0.2587295575522516,0.9599701089923913",0.95,0.95,0.045033586,0.95402724,0.993449376,0.928553575,31.91587591,0.029550552
chess-krvkp,AdaBoost,0,"244,0.5381445654183514",0.8515625,0.8515625,0.121579652,0.885307051,0.985176705,0.805064761,0.653000593,0.072563171
chess-krvkp,HGARF,1,"63,36,8, 3, 4,0.74888428318258,0.8426912539482456",0.974960876,0.974960876,0.025073472,0.97587299,0.997806027,0.963498913,31.44002151,0.02964735
chess-krvkp,AdaBoost,1,"282,1.372263509130477",0.954616588,0.954616588,0.043797339,0.958020264,0.997594974,0.935613647,0.754760981,0.084503651
chess-krvkp,HGARF,2,"68,36,8, 3, 4,0.16160143392660745,0.08271044026025773",0.989045383,0.989045383,0.011217949,0.989274971,1,0.983780318,15.27019835,0.029730558
chess-krvkp,AdaBoost,2,"179,1.4212393350570456",0.974960876,0.974960876,0.024922118,0.976160355,0.995209581,0.963645348,0.477030516,0.053842545
chess-krvkp,HGARF,3,"78,36,8, 3, 4,0.9552673758396183,0.5637761829461723",0.96713615,0.96713615,0.032001024,0.967575816,0.98621282,0.95174995,32.89894366,0.03142333
chess-krvkp,AdaBoost,3,"159,0.5018555326879913",0.946791862,0.946791862,0.053358348,0.947407763,0.988298812,0.923266388,0.460489273,0.051875591
chess-krvkp,HGARF,4,"65,36,8, 3, 4,0.6561143214996464,0.7843169948674982",0.938967136,0.938967136,0.061187748,0.938963957,0.986039962,0.911994013,32.19120908,0.031633615
chess-krvkp,AdaBoost,4,"349,0.7563644946093497",0.929577465,0.929577465,0.05952381,0.93993372,1,0.902158046,1.003908634,0.110390425
chscase_vine1,HGARF,0,"52,9,8, 3, 4,0.8539411684398309,0.8288974349712885",0.545454545,0.545454545,,1,0.833333333,0.5,2.263209343,0.001772881
chscase_vine1,AdaBoost,0,"443,1.038171354387023",0.545454545,0.545454545,,1,0.666666667,0.5,0.640464306,0.082248926
chscase_vine1,HGARF,1,"77,9,8, 3, 4,0.606386007442803,0.8764818682173006",0.545454545,0.545454545,,1,0.916666667,0.5,2.279959917,0.001790285
chscase_vine1,AdaBoost,1,"278,0.605987168393288",0.909090909,0.909090909,0.071428571,0.927272727,1,0.874025974,0.409224272,0.053010941
chscase_vine1,HGARF,2,"85,9,8, 3, 4,0.27768108734204733,0.19206989593051926",0.5,0.5,,1,0.64,0.5,2.046926975,0.001818895
chscase_vine1,AdaBoost,2,"483,1.0607756499053727",0.7,0.7,0.1875,0.88,0.56,0.6625,0.711884499,0.09184289
chscase_vine1,HGARF,3,"85,9,8, 3, 4,0.9681182155483528,0.3407130808282621",0.7,0.7,0.1875,0.88,0.82,0.6625,2.357780457,0.001806259
chscase_vine1,AdaBoost,3,"416,1.4912328295032216",0.9,0.9,0.083333333,0.92,0.92,0.866666667,0.613891363,0.078624964
chscase_vine1,HGARF,4,"80,9,8, 3, 4,0.35397789221088305,0.8776946024313038",0.5,0.5,0.277777778,0.916666667,0.666666667,0.555555556,2.323246479,0.00175643
chscase_vine1,AdaBoost,4,"403,1.184499201192728",0.5,0.5,0.277777778,0.916666667,0.583333333,0.555555556,0.594960928,0.077269316
cloud,HGARF,0,"97,7,8, 3, 4,0.8335187564266919,0.45279019236957463",0.636363636,0.636363636,0.65,0.795454545,0.526041667,0.488068182,1.882405758,0.001305342
cloud,AdaBoost,0,"148,1.2126369186919514",0.636363636,0.636363636,0.419642857,0.619318182,0.625,0.545657468,0.166462183,0.01584363
cloud,HGARF,1,"73,7,8, 3, 4,0.9375071156512296,0.6724600914357701",0.590909091,0.590909091,0.541666667,0.680519481,0.533333333,0.489069264,1.868990183,0.001290321
cloud,AdaBoost,1,"103,1.4563601777408777",0.545454545,0.545454545,0.684210526,0.690909091,0.276190476,0.479904306,0.115874052,0.011370897
cloud,HGARF,2,"98,7,8, 3, 4,0.5907837444306752,0.2607523615654666",0.454545455,0.454545455,0.628571429,0.454545455,0.285714286,0.462931354,1.72336936,0.001293182
cloud,AdaBoost,2,"327,0.6613820572059435",0.5,0.5,0.553571429,0.485714286,0.380952381,0.478571429,0.368931293,0.034595013
cloud,HGARF,3,"65,7,8, 3, 4,0.10363868977528845,0.7662840271108766",0.619047619,0.619047619,0.522058824,0.679365079,0.227777778,0.493662465,1.790800333,0.001268387
cloud,AdaBoost,3,"267,0.5591590449467874",0.666666667,0.666666667,0.472222222,0.766666667,0.422222222,0.507407407,0.299272776,0.028110266
cloud,HGARF,4,"91,7,8, 3, 4,0.09312559336793402,0.29533084253850883",0.571428571,0.571428571,0.55625,0.598412698,0.466666667,0.483035714,1.56865263,0.001276493
cloud,AdaBoost,4,"139,1.2398015777290161",0.571428571,0.571428571,0.55625,0.598412698,0.511111111,0.483035714,0.15625906,0.015053988
congressional-voting,HGARF,0,"55,16,8, 3, 4,0.4378013257037094,0.3470436621036841",0.632183908,0.632183908,0.371044304,0.870169799,0.694506104,0.528407038,2.907770157,0.002818346
congressional-voting,AdaBoost,0,"109,0.5011153573956545",0.632183908,0.632183908,0.371044304,0.870169799,0.667869034,0.528407038,0.129908562,0.013550282
congressional-voting,HGARF,1,"77,16,8, 3, 4,0.2025048634969402,0.541096446706964",0.597701149,0.609195402,0.429104478,0.692423489,0.61154273,0.529280908,2.860154867,0.002735376
congressional-voting,AdaBoost,1,"216,0.5079102072046153",0.597701149,0.597701149,0.446981424,0.691945093,0.60627081,0.520363456,0.257153988,0.026330233
congressional-voting,HGARF,2,"57,16,8, 3, 4,0.9696998101266178,0.5942006670870809",0.505747126,0.528735632,0.413303909,0.663930244,0.558823529,0.54236647,3.464920282,0.002790213
congressional-voting,AdaBoost,2,"478,0.5192347228115447",0.586206897,0.586206897,0.508702532,0.830494852,0.620144284,0.498577999,0.569403172,0.058222055
congressional-voting,HGARF,3,"59,16,8, 3, 4,0.055115877412333036,0.07247131031304022",0.574712644,0.574712644,0.544805195,0.78077712,0.611391695,0.491912557,2.031346083,0.002740383
congressional-voting,AdaBoost,3,"403,1.4990475251417044",0.574712644,0.574712644,0.544805195,0.78077712,0.599046016,0.491912557,0.480195045,0.049377441
congressional-voting,HGARF,4,"90,16,8, 3, 4,0.26824717108554963,0.2934659388457276",0.620689655,0.620689655,0.433544304,0.851929254,0.636924804,0.512972736,2.603288174,0.002766609
congressional-voting,AdaBoost,4,"269,0.8889782534799225",0.643678161,0.643678161,0.381666667,0.811505863,0.658529742,0.536449359,0.320271015,0.032910585
conn-bench-sonar-mines-rocks,HGARF,0,"87,60,8, 3, 4,0.5916304478936781,0.19495693658664562",0.476190476,0.476190476,0.519230769,0.50995671,0.490909091,0.491275391,2.93506074,0.001804352
conn-bench-sonar-mines-rocks,AdaBoost,0,"223,1.4278894121430927",0.571428571,0.571428571,0.427272727,0.574025974,0.579545455,0.541558442,0.425578833,0.025464296
conn-bench-sonar-mines-rocks,HGARF,1,"77,60,8, 3, 4,0.9238611866306825,0.3955176439504562",0.761904762,0.761904762,0.214285714,0.806060606,0.822727273,0.700865801,3.192673922,0.001794577
conn-bench-sonar-mines-rocks,AdaBoost,1,"468,1.445580734209711",0.80952381,0.80952381,0.177884615,0.829437229,0.856818182,0.751138445,0.89222002,0.052551985
conn-bench-sonar-mines-rocks,HGARF,2,"97,60,8, 3, 4,0.06880787531550087,0.6723677546239921",0.642857143,0.642857143,0.354545455,0.648251062,0.80778032,0.593768017,2.980532408,0.001781225
conn-bench-sonar-mines-rocks,AdaBoost,2,"127,0.767607659274078",0.714285714,0.714285714,0.279176201,0.727361883,0.773455378,0.657731285,0.242736816,0.014642715
conn-bench-sonar-mines-rocks,HGARF,3,"66,60,8, 3, 4,0.4199900102364209,0.22422798365731741",0.731707317,0.731707317,0.254901961,0.756797759,0.900717703,0.676880181,2.878515005,0.001768351
conn-bench-sonar-mines-rocks,AdaBoost,3,"355,1.3878758073970587",0.87804878,0.87804878,0.11722488,0.887501459,0.968899522,0.836095227,0.679611683,0.039743185
conn-bench-sonar-mines-rocks,HGARF,4,"62,60,8, 3, 4,0.8199166238135408,0.569307057992316",0.682926829,0.682926829,0.185714286,0.89987163,0.842105263,0.630717036,3.19346118,0.00176692
conn-bench-sonar-mines-rocks,AdaBoost,4,"187,1.0712121290276155",0.658536585,0.658536585,0.332417582,0.708950869,0.770334928,0.597686332,0.358589888,0.021416903
conn-bench-vowel-deterding,HGARF,0,"98,11,8, 3, 4,0.12985744102946095,0.9933877721653515",0.929292929,0.929292929,0.007005521,0.936026936,0.994107744,0.877666618,7.838395834,0.005398989
conn-bench-vowel-deterding,AdaBoost,0,"495,0.7477271478285102",0.555555556,0.555555556,0.043548271,0.663580247,0.945117845,0.423094267,1.933457851,0.146562099
conn-bench-vowel-deterding,HGARF,1,"65,11,8, 3, 4,0.2819716577237583,0.2284780527002198",0.974747475,0.974747475,0.002508572,0.976430976,0.99880752,0.95361295,6.059642553,0.005391121
conn-bench-vowel-deterding,AdaBoost,1,"409,0.6704362247496446",0.515151515,0.515151515,0.047944502,0.584175084,0.941217733,0.345290357,1.301192045,0.094848871
conn-bench-vowel-deterding,HGARF,2,"70,11,8, 3, 4,0.8394887264279073,0.8337314472850968",0.606060606,0.606060606,0.039443646,0.609147026,0.921296296,0.466218044,7.712299347,0.005411386
conn-bench-vowel-deterding,AdaBoost,2,"449,0.5491200858924403",0.419191919,0.419191919,0.056625686,0.615039282,0.894163861,0.279578848,1.431985378,0.100755453
conn-bench-vowel-deterding,HGARF,3,"85,11,8, 3, 4,0.2552376077925811,0.031140159095568554",0.95959596,0.95959596,0.004004283,0.963243547,0.998358586,0.929018267,5.325984478,0.005427361
conn-bench-vowel-deterding,AdaBoost,3,"340,0.6749477437620789",0.555555556,0.555555556,0.043557946,0.658529742,0.94503367,0.394780816,1.081486702,0.077356339
conn-bench-vowel-deterding,HGARF,4,"60,11,8, 3, 4,0.35873910526682984,0.48711974395019797",0.944444444,0.944444444,0.005517312,0.948372615,0.993434343,0.90146452,6.669677496,0.005350351
conn-bench-vowel-deterding,AdaBoost,4,"457,0.5775905905520357",0.636363636,0.636363636,0.035622526,0.723344557,0.963215488,0.481367566,1.455910206,0.10203743
contrac,HGARF,0,"52,9,8, 3, 4,0.3027806823111767,0.425987248195528",0.545762712,0.545762712,0.233321446,0.572044634,0.673685533,0.431119049,7.085903883,0.007759809
contrac,AdaBoost,0,"159,0.5987034961794186",0.569491525,0.569491525,0.221378222,0.575963344,0.677664819,0.45090118,0.246570587,0.026468992
contrac,HGARF,1,"88,9,8, 3, 4,0.3503451018569824,0.4375599155341141",0.474576271,0.477966102,0.264331943,0.500876971,0.648262829,0.385140317,7.260231495,0.007823467
contrac,AdaBoost,1,"104,0.5651035442464795",0.525423729,0.525423729,0.241498743,0.535088764,0.682895629,0.418859754,0.162311077,0.017442226
contrac,HGARF,2,"62,9,8, 3, 4,0.8368398968303812,0.4042232815996092",0.505084746,0.501694915,0.257822704,0.503754297,0.693009226,0.407208048,8.75109005,0.007760286
contrac,AdaBoost,2,"111,0.5006602787015758",0.555932203,0.555932203,0.230238038,0.561326778,0.720086323,0.444856181,0.172089338,0.018567562
contrac,HGARF,3,"77,9,8, 3, 4,0.6529251131677176,0.34652270677792485",0.520408163,0.527210884,0.2399922,0.53425656,0.679683742,0.423209669,8.001269102,0.007754803
contrac,AdaBoost,3,"112,0.6045683343267428",0.588435374,0.588435374,0.209398143,0.594111815,0.715536551,0.46177656,0.174036503,0.018696308
contrac,HGARF,4,"85,9,8, 3, 4,0.6050938139044876,0.5839310981716765",0.493197279,0.489795918,0.26625501,0.509712542,0.682242318,0.398557732,8.530483723,0.007674932
contrac,AdaBoost,4,"140,0.9270849392221875",0.534013605,0.534013605,0.239193692,0.540014191,0.66870198,0.426313009,0.217375994,0.023253441
credit-approval,HGARF,0,"94,15,8, 3, 4,0.9828832119182729,0.4109947656457207",0.68115942,0.68115942,0.283333333,0.751088802,0.741935484,0.640008858,4.973456383,0.003938198
credit-approval,AdaBoost,0,"499,0.8289322718014231",0.65942029,0.65942029,0.314739689,0.713091459,0.730050934,0.617789427,0.730735064,0.065706968
credit-approval,HGARF,1,"86,15,8, 3, 4,0.821800790749565,0.829982144964368",0.905797101,0.905797101,0.095555556,0.905763269,0.969439728,0.86616672,5.051242828,0.003970861
credit-approval,AdaBoost,1,"159,1.430857675706399",0.898550725,0.898550725,0.102504244,0.898550725,0.953735144,0.856331408,0.233655691,0.021461487
credit-approval,HGARF,2,"96,15,8, 3, 4,0.2317305024101285,0.09663217258758072",0.927536232,0.927536232,0.066374589,0.932108993,0.964658293,0.894932772,3.274510145,0.003958702
credit-approval,AdaBoost,2,"132,1.3879828705089663",0.891304348,0.891304348,0.098613596,0.901593061,0.962742176,0.84628592,0.193612814,0.01750946
credit-approval,HGARF,3,"86,15,8, 3, 4,0.15612521354299458,0.5127774747216437",0.768115942,0.768115942,0.224761905,0.783451046,0.850649351,0.712017741,3.977938414,0.003915787
credit-approval,AdaBoost,3,"133,0.6049202734926601",0.724637681,0.724637681,0.273491696,0.730592762,0.786991697,0.664945777,0.195082188,0.018046618
credit-approval,HGARF,4,"71,15,8, 3, 4,0.4263599330189155,0.6633836298391317",0.913043478,0.913043478,0.081489595,0.917764345,0.942410049,0.874873845,4.673870087,0.004212141
credit-approval,AdaBoost,4,"100,0.5704508961243595",0.905797101,0.905797101,0.083184258,0.915863656,0.923994039,0.865895217,0.146390676,0.013513088
cylinder-bands,HGARF,0,"53,35,8, 3, 4,0.47670728690681957,0.7483539275614809",0.582524272,0.582524272,0.465897436,0.655744337,0.60734127,0.513539858,4.29126215,0.003252983
cylinder-bands,AdaBoost,0,"137,0.7316696433955985",0.59223301,0.59223301,0.441681338,0.619818154,0.596031746,0.528304413,0.207058191,0.017989159
cylinder-bands,HGARF,1,"79,35,8, 3, 4,0.5774616695773491,0.7862401007898195",0.611650485,0.611650485,0.405737705,0.608899676,0.604563492,0.554932954,4.462703943,0.003213644
cylinder-bands,AdaBoost,1,"113,0.6482994321989198",0.582524272,0.582524272,0.444512695,0.590025428,0.56031746,0.528715472,0.17078042,0.014764309
cylinder-bands,HGARF,2,"93,35,8, 3, 4,0.638422930299003,0.9926821569739083",0.637254902,0.637254902,0.381562882,0.639065465,0.686693548,0.570542564,4.607945204,0.003207445
cylinder-bands,AdaBoost,2,"122,1.4223196095484725",0.519607843,0.519607843,0.526805997,0.555115433,0.385483871,0.489349872,0.183626413,0.015776157
cylinder-bands,HGARF,3,"78,35,8, 3, 4,0.6031413558453558,0.7513280380305205",0.539215686,0.539215686,0.464959569,0.537152119,0.559475806,0.518789905,4.486008167,0.003235102
cylinder-bands,AdaBoost,3,"153,1.0876460892301814",0.441176471,0.441176471,0.558823529,0.438306452,0.415725806,0.474217268,0.231333733,0.019819498
cylinder-bands,HGARF,4,"54,35,8, 3, 4,0.8623967988047325,0.4182916323675154",0.509803922,0.509803922,0.492307692,0.508222644,0.554637097,0.503906972,4.39076376,0.003211737
cylinder-bands,AdaBoost,4,"195,1.4920338361762644",0.647058824,0.647058824,0.313322368,0.725616698,0.802419355,0.619569326,0.294391394,0.025046825
dermatology,HGARF,0,"82,34,8, 3, 4,0.971545788574444,0.7475691735340696",0.945945946,0.945945946,0.010544613,0.950604801,0.986291209,0.892575443,3.14947629,0.002440691
dermatology,AdaBoost,0,"431,0.6421526530466652",0.918918919,0.918918919,0.015628179,0.924324324,0.967812188,0.820858688,0.574672222,0.058952332
dermatology,HGARF,1,"68,34,8, 3, 4,0.770262670870912,0.825981669264131",0.98630137,0.98630137,0.002777778,0.987279843,1,0.976489454,3.105752945,0.002451658
dermatology,AdaBoost,1,"353,0.5002270539558068",0.931506849,0.931506849,0.013227513,0.945640357,0.997089947,0.877949917,0.4734447,0.04842639
dermatology,HGARF,2,"81,34,8, 3, 4,0.8754010959258536,0.2456891059982646",0.97260274,0.97260274,0.005377743,0.97260274,0.994900794,0.946279173,3.021728754,0.00244236
dermatology,AdaBoost,2,"270,0.5154446444892878",0.739726027,0.739726027,0.050465343,0.860944723,0.981939268,0.608168505,0.361641645,0.036766768
dermatology,HGARF,3,"59,34,8, 3, 4,0.281576187852175,0.5521398011669049",0.945205479,0.945205479,0.010179924,0.95890411,0.995888889,0.909645241,2.70641613,0.002424002
dermatology,AdaBoost,3,"487,0.6829084535872766",0.945205479,0.945205479,0.00995671,0.960958904,0.98,0.875799087,0.644037247,0.064921618
dermatology,HGARF,4,"95,34,8, 3, 4,0.0020564375742528895,0.7224588776753029",0.95890411,0.95890411,0.007986111,0.960502283,0.986041667,0.921308005,2.831888914,0.002445221
dermatology,AdaBoost,4,"299,0.5297697541249409",0.931506849,0.931506849,0.01344086,0.932191781,0.982222222,0.877324616,0.401211262,0.040611744
diabetes,HGARF,0,"81,8,8, 3, 4,0.017224360482916312,0.8455432240789648",0.766233766,0.766233766,0.256598793,0.768595479,0.786574074,0.672705976,5.203496933,0.004309416
diabetes,AdaBoost,0,"206,0.7609491686611098",0.74025974,0.74025974,0.285769231,0.746166426,0.793703704,0.64276899,0.305999517,0.027523994
diabetes,HGARF,1,"59,8,8, 3, 4,0.9161049523263526,0.45306112878087357",0.694805195,0.694805195,0.338934182,0.708441558,0.707407407,0.595279844,5.553537846,0.004342556
diabetes,AdaBoost,1,"101,0.7010129000825116",0.720779221,0.720779221,0.307024099,0.722061087,0.771851852,0.627466663,0.150696993,0.013614416
diabetes,HGARF,2,"64,8,8, 3, 4,0.2487983019324198,0.8152901879892205",0.766233766,0.766233766,0.247149123,0.798321308,0.782407407,0.658971324,5.26697135,0.004368782
diabetes,AdaBoost,2,"100,1.4984305384873742",0.798701299,0.798701299,0.20710123,0.82549543,0.833333333,0.698320926,0.148772955,0.013572693
diabetes,HGARF,3,"64,8,8, 3, 4,0.8102847626712346,0.42050715889600365",0.810457516,0.810457516,0.192920354,0.837326427,0.869811321,0.71079395,5.411927938,0.004273653
diabetes,AdaBoost,3,"121,0.5027073196630536",0.823529412,0.823529412,0.180823681,0.843551609,0.846415094,0.729155136,0.18292737,0.016287804
diabetes,HGARF,4,"78,8,8, 3, 4,0.886709223809427,0.31367857544172406",0.751633987,0.751633987,0.271881607,0.772080404,0.759150943,0.644875575,5.481904984,0.004356623
diabetes,AdaBoost,4,"138,0.5167704408980126",0.784313725,0.784313725,0.237378641,0.788031817,0.849245283,0.689703368,0.205385685,0.018551588
diggle_table_a2,HGARF,0,"70,8,8, 3, 4,0.6133724625054511,0.729954115196492",1,1,0,1,1,1,2.64334321,0.002163172
diggle_table_a2,AdaBoost,0,"208,0.5388213891780137",1,1,0,1,1,1,0.001358747,0.000401258
diggle_table_a2,HGARF,1,"60,8,8, 3, 4,0.6908220590981964,0.27720480456453145",1,1,0,1,1,1,2.524852276,0.002145052
diggle_table_a2,AdaBoost,1,"429,1.150895337269946",1,1,0,1,1,1,0.001366615,0.000393867
diggle_table_a2,HGARF,2,"73,8,8, 3, 4,0.23137148347958736,0.6727937672078755",1,1,0,1,1,1,2.449925423,0.002145529
diggle_table_a2,AdaBoost,2,"136,0.7512750280993808",1,1,0,1,1,1,0.001358509,0.000388622
diggle_table_a2,HGARF,3,"53,8,8, 3, 4,0.2536608482828382,0.8613994471105763",1,1,0,1,1,1,2.635067463,0.002122164
diggle_table_a2,AdaBoost,3,"218,1.46819803494276",1,1,0,1,1,1,0.001369953,0.000393391
diggle_table_a2,HGARF,4,"94,8,8, 3, 4,0.24230731806131522,0.12142086301429744",0.967741935,0.967741935,0.028571429,0.96996663,1,0.953074845,2.030522108,0.002172709
diggle_table_a2,AdaBoost,4,"230,0.5346253426219228",1,1,0,1,1,1,0.001358747,0.000396013
disclosure_z,HGARF,0,"65,3,8, 3, 4,0.4547189286486877,0.5311278884192243",0.436090226,0.436090226,0.561479466,0.485773959,0.461564626,0.475314296,7.146842957,0.007102489
disclosure_z,AdaBoost,0,"194,1.470980249093159",0.466165414,0.466165414,0.534034374,0.465914787,0.475736961,0.484145725,0.31034112,0.038842678
disclosure_z,HGARF,1,"75,3,8, 3, 4,0.6512287700224694,0.8401759399155933",0.518796992,0.518796992,0.477471264,0.530540637,0.51462585,0.511577603,8.2943151,0.007303953
disclosure_z,AdaBoost,1,"475,1.4241913422176313",0.503759398,0.503759398,0.496042515,0.50399809,0.535600907,0.501994329,0.764377356,0.092631102
disclosure_z,HGARF,2,"95,3,8, 3, 4,0.5584795965534796,0.20803479418001372",0.431818182,0.431818182,0.566666667,0.437605872,0.427651254,0.471340737,6.653846264,0.007209301
disclosure_z,AdaBoost,2,"265,0.6380888757211856",0.431818182,0.431818182,0.571994408,0.436654328,0.438233264,0.469677492,0.424995899,0.05213809
disclosure_z,HGARF,3,"57,3,8, 3, 4,0.0366452480543665,0.5321851459866583",0.507575758,0.507575758,0.491727941,0.508752117,0.511732229,0.504200643,6.388247728,0.007229567
disclosure_z,AdaBoost,3,"117,0.5719933986920036",0.537878788,0.537878788,0.46577381,0.568542569,0.568783069,0.516940236,0.187886238,0.023103237
disclosure_z,HGARF,4,"88,3,8, 3, 4,0.7728529734962065,0.4737888419576645",0.553030303,0.553030303,0.444354653,0.558654518,0.570852535,0.53073879,7.691768885,0.007061243
disclosure_z,AdaBoost,4,"347,0.9621966330764888",0.46969697,0.46969697,0.532258065,0.46969697,0.458986175,0.484974616,0.57245183,0.069500208
echocardiogram,HGARF,0,"73,10,8, 3, 4,0.42410988779888426,0.09410019274783499",0.851851852,0.851851852,0.166666667,0.851851852,0.907407407,0.771604938,2.318638086,0.00231123
echocardiogram,AdaBoost,0,"310,1.2940987229280476",0.888888889,0.888888889,0.115131579,0.895061728,0.925925926,0.818347953,0.426939964,0.055310965
echocardiogram,HGARF,1,"91,10,8, 3, 4,0.65615079734002,0.4317847384149121",0.769230769,0.769230769,0.266666667,0.799145299,0.767361111,0.637606838,2.743558168,0.002270222
echocardiogram,AdaBoost,1,"107,1.1690496525965872",0.807692308,0.807692308,0.221804511,0.81784188,0.777777778,0.693637138,0.147994757,0.019452095
echocardiogram,HGARF,2,"50,10,8, 3, 4,0.479266631856265,0.16264001006547618",0.653846154,0.653846154,0.395424837,0.645299145,0.71875,0.560331825,2.430660486,0.002347469
echocardiogram,AdaBoost,2,"196,1.4329539296757576",0.807692308,0.807692308,0.215151515,0.818910256,0.819444444,0.7375259,0.270743132,0.035257816
echocardiogram,HGARF,3,"52,10,8, 3, 4,0.4308426782274837,0.2630001048909958",0.807692308,0.807692308,0.113636364,0.914529915,0.754901961,0.704739705,2.444127083,0.002299309
echocardiogram,AdaBoost,3,"168,0.7355742386521822",0.846153846,0.846153846,0.169934641,0.846153846,0.875816993,0.768665569,0.232195854,0.02999568
echocardiogram,HGARF,4,"72,10,8, 3, 4,0.7328304282873195,0.2619348743491947",0.846153846,0.846153846,0.15037594,0.867269985,0.777777778,0.758922192,2.733099699,0.002290964
echocardiogram,AdaBoost,4,"263,0.5720992824517483",0.846153846,0.846153846,0.15037594,0.867269985,0.745098039,0.758922192,0.372965574,0.047876835
ecoli,HGARF,0,"99,7,8, 3, 4,0.5680157973849377,0.4159097782486191",0.852941176,0.852941176,0.024901486,0.89634164,0.877012027,0.485118185,4.235060453,0.004142046
ecoli,AdaBoost,0,"239,0.6651589998399612",0.867647059,0.867647059,0.023929012,0.900840336,0.922240526,0.659118595,0.367160559,0.04810667
ecoli,HGARF,1,"78,7,8, 3, 4,0.7799391911918477,0.5737360900362669",0.805970149,0.805970149,0.031370325,0.870824449,0.878463621,0.583276682,4.625703573,0.004062653
ecoli,AdaBoost,1,"264,0.5025754797241704",0.776119403,0.776119403,0.041263479,0.815024631,0.871873681,0.575640685,0.415970325,0.054655552
ecoli,HGARF,2,"95,7,8, 3, 4,0.713923577748206,0.42320876960013454",0.805970149,0.805970149,0.035837148,0.809131681,0.867270408,0.645111622,4.590562582,0.004224539
ecoli,AdaBoost,2,"158,0.8073349690342231",0.746268657,0.746268657,0.046580698,0.748432713,0.910583314,0.531670722,0.24214077,0.032262564
ecoli,HGARF,3,"69,7,8, 3, 4,0.15579422427567644,0.38026127232186124",0.865671642,0.865671642,0.023632719,0.911913646,0.866630983,0.653909168,3.582477331,0.004063606
ecoli,AdaBoost,3,"388,0.5854899608838209",0.820895522,0.820895522,0.030598821,0.898187633,0.929456693,0.536555742,0.597907782,0.079149723
ecoli,HGARF,4,"71,7,8, 3, 4,0.4841769164469424,0.1861307607026566",0.850746269,0.850746269,0.02920746,0.871486722,0.95283028,0.770994737,3.767009258,0.004078627
ecoli,AdaBoost,4,"198,0.7222519512974974",0.805970149,0.805970149,0.038221994,0.831059798,0.956526361,0.700433408,0.3000741,0.039635658
elusage,HGARF,0,"83,2,8, 3, 4,0.8217172483267071,0.6012761213064841",0.909090909,0.909090909,0.0625,0.931818182,1,0.857954545,2.079054594,0.001597881
elusage,AdaBoost,0,"125,0.702939610255447",0.909090909,0.909090909,0.0625,0.931818182,1,0.857954545,0.165131807,0.021775484
elusage,HGARF,1,"56,2,8, 3, 4,0.5570598236851704,0.4454784852797822",0.727272727,0.727272727,0.267857143,0.748484848,0.866666667,0.658982684,1.975692034,0.001590729
elusage,AdaBoost,1,"193,1.2063779304437325",0.818181818,0.818181818,0.183333333,0.818181818,0.866666667,0.758131313,0.253795624,0.033123493
elusage,HGARF,2,"66,2,8, 3, 4,0.1710419565468303,0.7380555995761677",0.909090909,0.909090909,0.083333333,0.924242424,1,0.878787879,2.101974964,0.001669645
elusage,AdaBoost,2,"161,1.2320185480378854",0.909090909,0.909090909,0.083333333,0.924242424,1,0.878787879,0.217133999,0.028729677
elusage,HGARF,3,"90,2,8, 3, 4,0.11462282530687729,0.42090659760836135",0.818181818,0.818181818,0.183333333,0.818181818,0.95,0.758131313,1.898568869,0.001623869
elusage,AdaBoost,3,"279,0.6474540346261264",0.818181818,0.818181818,0.183333333,0.818181818,0.933333333,0.758131313,0.37453866,0.049037218
elusage,HGARF,4,"76,2,8, 3, 4,0.37353730840045773,0.837701045517853",0.909090909,0.909090909,0.083333333,0.924242424,1,0.878787879,2.053592443,0.001560688
elusage,AdaBoost,4,"160,1.497147747675502",0.909090909,0.909090909,0.083333333,0.924242424,1,0.878787879,0.216164351,0.028362989
energy-y1,HGARF,0,"89,8,8, 3, 4,0.0021127814208341533,0.40908740278190125",0.818181818,0.818181818,0.090590694,0.826775407,0.87654321,0.713476123,5.551124334,0.007707834
energy-y1,AdaBoost,0,"222,1.2193729214547662",0.772727273,0.772727273,0.086823289,0.958964646,0.800925926,0.578930693,0.363600492,0.047625065
energy-y1,HGARF,1,"88,8,8, 3, 4,0.29686154466383147,0.5850962773898474",0.941558442,0.941558442,0.027723239,0.946669072,0.985987103,0.878682151,7.091709852,0.007676601
energy-y1,AdaBoost,1,"133,0.5042784720046557",0.636363636,0.636363636,0.156279779,0.811447811,0.71340388,0.590347924,0.211795568,0.028190136
energy-y1,HGARF,2,"92,8,8, 3, 4,0.10724701908159251,0.38420615757542664",0.805194805,0.805194805,0.090880351,0.832227032,0.940679948,0.691411201,5.737164736,0.007762432
energy-y1,AdaBoost,2,"241,1.0301417485752205",0.811688312,0.811688312,0.090903797,0.840788841,0.928058361,0.720446355,0.402451515,0.053227901
energy-y1,HGARF,3,"98,8,8, 3, 4,0.04876809614783506,0.17951854253932653",0.836601307,0.836601307,0.070045484,0.86976519,0.871342021,0.659943862,4.403423786,0.007598877
energy-y1,AdaBoost,3,"118,0.6844842339107168",0.248366013,0.248366013,0.363035585,0.413943355,0.726280293,0.369520428,0.187525749,0.025262833
energy-y1,HGARF,4,"90,8,8, 3, 4,0.5151322635877028,0.3981536803647736",0.849673203,0.849673203,0.051454139,0.977729363,0.983010402,0.678984736,7.169765234,0.007775068
energy-y1,AdaBoost,4,"425,1.0304510617563634",0.516339869,0.516339869,0.168767507,0.953038005,0.950874486,0.562195516,0.669016123,0.088314772
energy-y2,HGARF,0,"58,8,8, 3, 4,0.48217665852865566,0.5819533308597197",0.88961039,0.88961039,0.057655502,0.887380562,0.908630843,0.804874073,7.614029169,0.007807255
energy-y2,AdaBoost,0,"256,1.378882951404666",0.694805195,0.694805195,0.146551724,0.677993458,0.799913537,0.546041805,0.418319464,0.056533337
energy-y2,HGARF,1,"72,8,8, 3, 4,0.8498612109816099,0.9379839966268576",0.896103896,0.896103896,0.044719124,0.907180539,0.960076473,0.788393963,8.593501568,0.007743597
energy-y2,AdaBoost,1,"316,1.2730486744894343",0.922077922,0.922077922,0.03125,0.946684894,0.947368421,0.842279496,0.498538494,0.065928936
energy-y2,HGARF,2,"97,8,8, 3, 4,0.0604148295606699,0.7533027222655987",0.87012987,0.87012987,0.057622119,0.870892266,0.911059701,0.741872216,7.40048027,0.007698536
energy-y2,AdaBoost,2,"283,1.040980412271157",0.896103896,0.896103896,0.04040404,0.939849624,0.929824561,0.79731146,0.447229624,0.059375048
energy-y2,HGARF,3,"89,8,8, 3, 4,0.029595154664959433,0.9647801387204804",0.875816993,0.875816993,0.055326723,0.875861155,0.907903627,0.752905442,8.572282314,0.007749796
energy-y2,AdaBoost,3,"132,1.373774704177086",0.908496732,0.908496732,0.042915932,0.927537445,0.957053106,0.836447386,0.208914518,0.027966261
energy-y2,HGARF,4,"86,8,8, 3, 4,0.25963949645149564,0.5784747477579661",0.803921569,0.803921569,0.069444444,0.954751131,0.874381466,0.654980967,7.011401892,0.0075984
energy-y2,AdaBoost,4,"296,0.812262178516102",0.836601307,0.836601307,0.068326118,0.874242545,0.866396761,0.711382292,0.469324827,0.061876297
fertility,HGARF,0,"66,9,8, 3, 4,0.7365048193315044,0.932568627896102",0.85,0.85,0.552631579,0.897222222,0.138888889,0.49751462,2.530118942,0.002040625
fertility,AdaBoost,0,"211,1.356557438724861",0.6,0.6,0.571428571,0.466666667,0.388888889,0.485714286,0.283049583,0.036882162
fertility,HGARF,1,"97,9,8, 3, 4,0.8764079949933851,0.2757721795880297",0.9,0.9,,1,0.333333333,0.5,2.478765249,0.00197506
fertility,AdaBoost,1,"138,1.4951187067918676",0.85,0.85,0.552631579,0.897222222,0.694444444,0.49751462,0.185591459,0.024313927
fertility,HGARF,2,"66,9,8, 3, 4,0.5852063229038799,0.13050081922302548",0.95,0.9,0.277777778,0.9,0.972222222,0.620987654,2.228679419,0.001980305
fertility,AdaBoost,2,"140,0.502797560199048",0.95,0.95,0.026315789,0.975,1,0.748684211,0.188926697,0.024576187
fertility,HGARF,3,"78,9,8, 3, 4,0.2982721054359997,0.12630931695727876",0.8,0.8,0.578947368,0.894117647,0.568627451,0.49628483,2.05032444,0.001987219
fertility,AdaBoost,3,"113,0.5482893422049414",0.8,0.8,0.392156863,0.8,0.450980392,0.544828912,0.154698849,0.02053833
fertility,HGARF,4,"71,9,8, 3, 4,0.5843484592783366,0.702434124391878",0.85,0.85,,1,0.343137255,0.5,2.457516909,0.002030134
fertility,AdaBoost,4,"263,1.1722404671679818",0.8,0.8,0.578947368,0.894117647,0.31372549,0.49628483,0.357391596,0.045897007
flags,HGARF,0,"61,28,8, 3, 4,0.2881623120629172,0.3317692957077418",0.58974359,0.58974359,0.059427608,0.659188034,0.799090608,0.358714896,2.855696678,0.002880096
flags,AdaBoost,0,"363,0.6798622468999957",0.333333333,0.333333333,0.117971574,0.457692308,0.860739087,0.214285714,0.535382748,0.070286274
flags,HGARF,1,"66,28,8, 3, 4,0.550894327988776,0.8387953126479054",0.641025641,0.641025641,0.0518019,0.781135531,0.817176871,0.286308483,3.581034184,0.002886057
flags,AdaBoost,1,"192,0.6624886049334207",0.461538462,0.461538462,0.083188503,0.538003663,0.837726757,0.270239367,0.293800354,0.038687468
flags,HGARF,2,"81,28,8, 3, 4,0.6051122069920278,0.0384969443857722",0.538461538,0.538461538,0.068943187,0.582417582,0.829338506,0.262801435,3.065093994,0.002981186
flags,AdaBoost,2,"282,0.583114611261485",0.435897436,0.435897436,0.08626776,0.425213675,0.700246244,0.232166023,0.432687759,0.05654335
flags,HGARF,3,"75,28,8, 3, 4,0.15807991241429503,0.8561767711660403",0.666666667,0.666666667,0.04955321,0.731807082,0.77034173,0.348065476,3.434855461,0.002871037
flags,AdaBoost,3,"451,0.858289610120294",0.435897436,0.435897436,0.084371043,0.508852259,0.751093041,0.227429983,0.670934677,0.08746171
flags,HGARF,4,"60,28,8, 3, 4,0.6270025702190588,0.11027893383773757",0.631578947,0.631578947,0.062334207,0.755482456,0.850719246,0.421437773,3.083359003,0.002902508
flags,AdaBoost,4,"452,0.9351206687173053",0.526315789,0.526315789,0.080132532,0.601785714,0.712065382,0.285114823,0.686825752,0.08914876
fri_c0_250_5,HGARF,0,"80,5,8, 3, 4,0.11528145159806336,0.5007884926804035",0.82,0.82,0.175324675,0.8272,0.952,0.763896104,3.242287636,0.003334045
fri_c0_250_5,AdaBoost,0,"300,1.4976018137717286",0.86,0.86,0.109375,0.8992,0.9184,0.820625,0.435992002,0.053346157
fri_c0_250_5,HGARF,1,"87,5,8, 3, 4,0.2446135065819669,0.48872589939809963",0.8,0.8,0.198067633,0.8032,0.88,0.74057971,3.324614048,0.003361464
fri_c0_250_5,AdaBoost,1,"462,1.477079488664895",0.76,0.76,0.238325282,0.7632,0.8608,0.698035427,0.675851107,0.081813574
fri_c0_250_5,HGARF,2,"83,5,8, 3, 4,0.9265473337143229,0.8425334506714398",0.96,0.96,0.037037037,0.9632,0.9704,0.942962963,4.04436326,0.003341436
fri_c0_250_5,AdaBoost,2,"401,1.0453634714282019",0.9,0.9,0.099358974,0.9008,0.9696,0.86025641,0.583372593,0.070944071
fri_c0_250_5,HGARF,3,"75,5,8, 3, 4,0.781928753236307,0.1182834699500668",0.7,0.7,0.251984127,0.7968,0.8336,0.649603175,3.756941319,0.003383875
fri_c0_250_5,AdaBoost,3,"424,0.5259809477269098",0.72,0.72,0.238095238,0.8,0.864,0.667619048,0.615922689,0.075071573
fri_c0_250_5,HGARF,4,"65,5,8, 3, 4,0.9048522733795819,0.22287000237034033",0.78,0.78,0.215909091,0.7872,0.8968,0.719545455,3.985383749,0.003368855
fri_c0_250_5,AdaBoost,4,"111,0.5022750388649824",0.9,0.9,0.094155844,0.9072,0.9392,0.862337662,0.161951303,0.020194054
glass,HGARF,0,"58,9,8, 3, 4,0.6977815756103016,0.7439745397354774",0.674418605,0.674418605,0.068617697,0.779623477,0.879406415,0.560649975,3.746786356,0.003045559
glass,AdaBoost,0,"301,0.5206265282509661",0.465116279,0.465116279,0.125183418,0.651162791,0.841964286,0.275044723,0.449281931,0.057252407
glass,HGARF,1,"63,9,8, 3, 4,0.22912113523956323,0.33581082652441774",0.627906977,0.627906977,0.085427445,0.704318937,0.915171958,0.604991694,2.842769623,0.002995253
glass,AdaBoost,1,"278,0.5831609789848811",0.697674419,0.697674419,0.067241688,0.788925803,0.889259259,0.529565935,0.428534031,0.054766178
glass,HGARF,2,"73,9,8, 3, 4,0.36486039589914626,0.7159289647101985",0.581395349,0.581395349,0.089821965,0.719822813,0.912208995,0.487955969,3.502197266,0.003093958
glass,AdaBoost,2,"401,0.6952977998075704",0.465116279,0.465116279,0.105231732,0.689700997,0.833095238,0.322917703,0.6002388,0.07634902
glass,HGARF,3,"62,9,8, 3, 4,0.44414461934498517,0.47511748091307854",0.627906977,0.627906977,0.08546798,0.695238095,0.908452381,0.564274356,3.392763853,0.003056288
glass,AdaBoost,3,"375,0.5615130351128328",0.441860465,0.441860465,0.114900786,0.671539313,0.885925926,0.435677497,0.563902855,0.072092295
glass,HGARF,4,"52,9,8, 3, 4,0.6942502598532643,0.012883096726739374",0.69047619,0.69047619,0.070605661,0.712698413,0.922195767,0.496989907,3.28392911,0.003061295
glass,AdaBoost,4,"127,0.6733015575451633",0.523809524,0.523809524,0.104553813,0.718707483,0.824634921,0.415052232,0.191129923,0.024441242
analcatdata_germangss,HGARF,0,"65,17,8, 3, 4,0.8002177341479954,0.4224785042144316",0.2,0.2,0.027917029,0.251619433,0.824634921,0.066943802,3.395775318,0.003069162
analcatdata_germangss,AdaBoost,0,"228,1.0368521995042232",0.2375,0.2375,0.024326295,0.7875,0.824634921,0.033252728,0.348582745,0.045320988
analcatdata_germangss,HGARF,1,"51,17,8, 3, 4,0.7028649811231594,0.42731768244427326",0.2125,0.2125,0.024685654,0.261973684,0.824634921,0.066050859,3.317937136,0.003079653
analcatdata_germangss,AdaBoost,1,"186,1.4093781674330679",0.0875,0.0875,0.029299473,0.1775,0.824634921,0.042640693,0.2779181,0.035662889
analcatdata_germangss,HGARF,2,"50,17,8, 3, 4,0.9845473845656171,0.6240321482791985",0.225,0.225,0.024278156,0.262828947,0.824634921,0.042006312,3.52384758,0.003443003
analcatdata_germangss,AdaBoost,2,"334,0.9868318697830633",0.2125,0.2125,0.028727907,0.626151316,0.824634921,0.032042514,0.503070593,0.064493179
analcatdata_germangss,HGARF,3,"70,17,8, 3, 4,0.7992752274405062,0.6077115779915373",0.2125,0.2125,0.026105785,0.253179825,0.824634921,0.069226778,3.402462006,0.003073692
analcatdata_germangss,AdaBoost,3,"125,1.0058416151755805",0.2,0.2,0.029515115,0.435307018,0.824634921,0.03231955,0.188664198,0.024647713
analcatdata_germangss,HGARF,4,"75,17,8, 3, 4,0.56423565466012,0.40764872783749984",0.25,0.25,0.022813493,0.348245614,0.824634921,0.047344368,3.19061327,0.003077745
analcatdata_germangss,AdaBoost,4,"476,1.023282615217295",0.225,0.225,0.023732601,0.902631579,0.824634921,0.031286665,0.730951548,0.095173597
analcatdata_lawsuit,HGARF,0,"65,4,8, 3, 4,0.685597155963001,0.8344807813382763",0.773584906,0.773584906,0.375,0.8290335,0.867346939,0.615758568,2.71649313,0.002186775
analcatdata_lawsuit,AdaBoost,0,"108,1.06976766084854",0.773584906,0.773584906,0.375,0.8290335,0.99744898,0.615758568,0.137406111,0.013455153
analcatdata_lawsuit,HGARF,1,"70,4,8, 3, 4,0.9177909845833476,0.03026898012009388",1,1,0,1,1,1,2.670049667,0.00213933
analcatdata_lawsuit,AdaBoost,1,"316,1.3324379308666434",1,1,0,1,1,1,0.387320757,0.037123919
analcatdata_lawsuit,HGARF,2,"99,4,8, 3, 4,0.6329072847844321,0.1624200973192842",0.962264151,0.962264151,0.019607843,0.981132075,0.87244898,0.749260081,2.380161524,0.002155304
analcatdata_lawsuit,AdaBoost,2,"351,1.4873176515164528",0.981132075,0.981132075,0.01,0.985849057,0.987244898,0.874433962,0.423529148,0.041335344
analcatdata_lawsuit,HGARF,3,"75,4,8, 3, 4,0.9965083192772293,0.26073972348952823",0.981132075,0.981132075,0.01,0.985849057,1,0.874433962,2.785473108,0.002148867
analcatdata_lawsuit,AdaBoost,3,"424,0.5436452701241854",1,1,0,1,1,1,0.522380352,0.049936056
analcatdata_lawsuit,HGARF,4,"53,4,8, 3, 4,0.1910628295982073,0.25900778601728236",0.961538462,0.961538462,0.019607843,0.987179487,1,0.666289593,2.055399895,0.00208807
analcatdata_lawsuit,AdaBoost,4,"483,1.4409948133074524",1,1,0,1,1,1,0.58799243,0.056199074
annealing,HGARF,0,"61,31,8, 3, 4,0.24445755577164707,0.7452291922169932",0.955555556,0.955555556,0.023150541,0.964583333,0.901765511,0.789047217,5.970306158,0.005726814
annealing,AdaBoost,0,"387,1.3207608469240864",0.866666667,0.866666667,0.026743295,0.991666667,0.78475365,0.546853002,0.665538549,0.067879677
annealing,HGARF,1,"86,31,8, 3, 4,0.7325362430834093,0.7184595349155698",0.966666667,0.966666667,0.017703488,0.966666667,0.993029197,0.942503445,6.460106134,0.005394936
annealing,AdaBoost,1,"410,0.9884854279677859",0.872222222,0.872222222,0.033535354,0.993592863,0.810583942,0.574228649,0.70348382,0.070854187
annealing,HGARF,2,"99,31,8, 3, 4,0.11906210667401701,0.7485947109354281",0.972222222,0.972222222,0.016152087,0.971788321,0.998615746,0.952584937,6.12232852,0.005653143
annealing,AdaBoost,2,"284,1.029587864239097",0.883333333,0.883333333,0.023333333,1,0.819708029,0.596751055,0.491498709,0.049571276
annealing,HGARF,3,"70,31,8, 3, 4,0.9814159653861215,0.26877137925502853",0.983240223,0.983240223,0.007362521,0.983787508,0.992017795,0.968020556,6.744966984,0.00564599
annealing,AdaBoost,3,"401,0.6332685532627218",0.843575419,0.843575419,0.031372417,0.99481245,0.948518536,0.427185537,0.687114239,0.069573879
annealing,HGARF,4,"99,31,8, 3, 4,0.8102325606971111,0.9530437007426174",0.74301676,0.74301676,0.122073224,0.765051569,0.883079751,0.508952991,6.429794073,0.005439281
annealing,AdaBoost,4,"102,0.6956763521231135",0.810055866,0.810055866,0.038467652,0.965191233,0.88800198,0.441243265,0.170606852,0.018194914
ar4,HGARF,0,"82,29,8, 3, 4,0.5408551299841683,0.9762699166817033",0.772727273,0.772727273,0.412280702,0.801767677,0.847222222,0.529572036,2.139322758,0.001429558
ar4,AdaBoost,0,"434,1.1010489610200718",0.863636364,0.863636364,0.219298246,0.883838384,0.847222222,0.657363105,0.5669384,0.050563574
ar4,HGARF,1,"73,29,8, 3, 4,0.8918683519522073,0.11194739761189676",0.863636364,0.863636364,0.071428571,0.965909091,0.916666667,0.621753247,2.058094501,0.001419544
ar4,AdaBoost,1,"396,1.4646949305729418",0.772727273,0.772727273,0.412280702,0.801767677,0.805555556,0.529572036,0.519673347,0.045706749
ar4,HGARF,2,"58,29,8, 3, 4,0.28894926144102107,0.930087118131352",0.857142857,0.857142857,0.222222222,0.878151261,0.955882353,0.656395892,2.131865501,0.00140214
ar4,AdaBoost,2,"277,0.6816788919390588",0.904761905,0.904761905,0.052631579,0.952380952,0.897058824,0.744987469,0.427570105,0.032168865
ar4,HGARF,3,"59,29,8, 3, 4,0.08289431791880786,0.21835868432606642",0.857142857,0.857142857,0.075,0.964285714,0.742647059,0.621428571,1.729184866,0.001405716
ar4,AdaBoost,3,"100,1.107077148766036",0.80952381,0.80952381,0.328947368,0.87535014,0.764705882,0.554022925,0.131543875,0.011927843
ar4,HGARF,4,"61,29,8, 3, 4,0.08434172759116204,0.2206624576400541",0.666666667,0.666666667,0.49375,0.642156863,0.683823529,0.502328431,1.764190197,0.001402378
ar4,AdaBoost,4,"117,0.7112743393919226",0.761904762,0.761904762,0.321428571,0.759803922,0.808823529,0.634803922,0.153753757,0.013896465
